거래처명,이메일,전화,담당자,비고,발주건수
"경동과학상사","","","","",818
"(주)비즈앤텍","","","","",551
"대성과학상사","","","","",208
"(주)원강바이오","","","","",141
"랩포유","","","","",114
"주식회사 씨앤씨랩","","","","",90
"디케이에스에이치코리아(주) 구로지점","","","","",87
"바이오스펙크롬 주식회사","","","","",81
"바이오스펙크롬(주)","","","","",78
"서울종합기획","","","","",69
"충북과학(주)","","","","",65
"(주)에이비넥소","","","","",63
"(주)이앤씨테크놀로지","","","","",50
"주식회사 에스아이코리아","","","","",49
"(주)비에스티앤씨","","","","",49
"(주)시마즈사이언티픽코리아","","","","",45
"(주)리가스","","","","",44
"와이에스사이언스","","","","",43
"제이에스텍(JS-Tech)","","","","",42
"(주)휴텍스","","","","",36
"(주)지앤티테크","","","","",36
"(유)대일바이오랩","","","","",36
"한국씨엔에스","","","","",34
"(주)웅기과학","","","","",30
"양정S&C","","","","",28
"원강바이오","","","","",27
"서울공구","","","","",27
"서은상사","","","","",26
"보성과학(주)","","","","",26
"(주)인재시스텍","","","","",25
"디아이사이언스","","","","",23
"케이제이테크","","","","",21
"그린랩테크","","","","",20
"주식회사 비비","","","","",18
"비케이사이언티픽(주)","","","","",16
"(주)세진씨아이","","","","",16
"퍼킨엘머코리아 유한회사","","","","",15
"주식회사 애니랩","","","","",15
"(주)가람디지탈","","","","",15
"주식회사 나무","","","","",14
"어날리틱예나코리아 유한회사","","","","",14
"이노에이블","","","","",13
"대한켐랩","","","","",13
"다온화학","","","","",13
"주식회사 엑스업","","","","",12
"제일테크","","","","",11
"디노사이언스","","","","",11
"E.G종합과학상사","","","","",11
"(주)태원시바타","","","","",11
"주식회사 피닉스랩","","","","",10
"무진과학","","","","",10
"J.B테크","","","","",10
"하나테크","","","","",9
"태화이화학","","","","",9
"유니랩코리아","","","","",9
"그린상사","","","","",9
"(주)에프티솔루션즈","","","","",9
"테스코 주식회사","","","","",8
"크로마프로","","","","",8
"엘텍사이언스 주식회사","","","","",8
"신성엔지니어링","","","","",7
"삼전순약공업(주) 대구영업소","","","","",7
"고려에이스과학","","","","",7
"(주)인터페이스엔지니어링","","","","",7
"(주)랩스토어","","","","",7
"(주)대한과학종로","","","","",7
"지더블유바이텍 주식회사","","","","",6
"주식회사티엔티리써치","","","","",6
"에스티포(주)","","","","",6
"신신테크","","","","",6
"루비랩","","","","",6
"디케이오랩(DKO LAB)","","","","",6
"그린텍","","","","",6
"(주)휴텍스 ","","","","",6
"(주)엠에스가스 청주공장","","","","",6
"(주)아이바이오사이언스","","","","",6
"(주)성문시스텍","","","","",6
"(주)바이오스트림","","","","",6
"효성메디","","","","",5
"테스트패브릭스","","","","",5
"주식회사 케이엔알","","","","",5
"주식회사 씨엠브리지","","","","",5
"주식회사 명진하이테크","","","","",5
"주식회사 그린토브","","","","",5
"뷰키코리아 유한회사","","","","",5
"로지사이언스","","","","",5
"레보딕스(주)","","","","",5
"랩메이트","","","","",5
"(주)유니온가스","","","","",5
"한국애질런트테크놀로지스(주)","","","","",4
"티더블유바이오(TW바이오)","","","","",4
"크로제니스","","","","",4
"충북과학 주식회사","","","","",4
"주식회사켐바이오","","","","",4
"주식회사 엠제이사이언스","","","","",4
"주식회사 에코프런티어","","","","",4
"주식회사 에이피웍","","","","",4
"유니태크 주식회사","","","","",4
"영인크로매스 주식회사","","","","",4
"엠케이사이언스 주식회사","","","","",4
"엔에이치바이오","","","","",4
"엑스업(X-UP)","","","","",4
"에코시스텍(주)","","","","",4
"에이비사이엑스코리아유한회사","","","","",4
"아산제약(주)","","","","",4
"싸이랩코리아","","","","",4
"서진인터내셔날","","","","",4
"랩스토어","","","","",4
"대우상사","","","","",4
"김상사","","","","",4
"기산바이오 주식회사","","","","",4
"구매요청","","","","",4
"(주)휴먼코퍼레이션","","","","",4
"(주)휴마스","","","","",4
"(주)에버그린탑","","","","",4
"(주)알엔비","","","","",4
"(주)대호이엠이","","","","",4
"(유)워터스코리아","","","","",4
"한신기계","","","","",3
"태극","","","","",3
"코마에스앤비","","","","",3
"주식회사오디랩","","","","",3
"주식회사 화인사이언스","","","","",3
"주식회사 엘비사이언스","","","","",3
"주식회사 씨케이아이씨코리아","panda@ckic-korea.com","","","",3
"주식회사 비제이상사","","","","",3
"유한회사 대일바이오랩","","","","",3
"오성아날리테크","","","","",3
"영인엠텍 주식회사","","","","",3
"수 코퍼레이션","","","","",3
"동문이엔티(주)","","","","",3
"(주)퓨쳐켐","","","","",3
"(주)진우테크","","","","",3
"(주)엔이비","","","","",3
"(주)씨엠코퍼레이션에이티","","","","",3
"(주)싸이랩코리아","","","","",3
"(주)신코엠앤티","","","","",3
"(주)신성계기","","","","",3
"(주)비엠에스","","","","",3
"한미산업","","","","",2
"한국조폐공사","","","","",2
"하림엔지니어링(주)","","","","",2
"포썸랩(4SumLab)","","","","",2
"지엠사이언스(주)","","","","",2
"주식회사 페스텍에스앤씨","","","","",2
"주식회사 진솔더스트","","","","",2
"주식회사 샘타코바이오코리아","","","","",2
"주식회사 맥코이이앤씨","","","","",2
"주식회사 나비엠알오","","","","",2
"주시회사 유니랩코리아","","","","",2
"제이케이씨앤알(주)","","","","",2
"제이 앤 제이 사이언스","","","","",2
"윌슨코리아","","","","",2
"영인랩플러스","","","","",2
"영인과학(주)","","","","",2
"아르곤닉스","","","","",2
"씨에스트레이딩(CS TRADING)","","","","",2
"써모피셔사이언티픽코리아 주식회사","","","","",2
"시스켐텍","","","","",2
"성우상사","","","","",2
"비엘텍코리아(주)","","","","",2
"브루커코리아(주)","","","","",2
"랩써브","","","","",2
"대정화금(주)","","","","",2
"녹색환경안전","","","","",2
"기프트조아","","","","",2
"MS인천가스(주)","","","","",2
"J.B 테크","","","","",2
"C&H(씨엔에이치)","","","","",2
"(주)티엔티리써치","","","","",2
"(주)케이비엘","","","","",2
"(주)제이에스엔지니어링","","","","",2
"(주)영인에스티","","","","",2
"(주)에넥스과학","","","","",2
"(주)씨마켓플레이스","","","","",2
"(주)석림세이프티","","","","",2
"(주)대한와이즈랩","","","","",2
"(주)대한과학대구경북지사","","","","",2
"(주)고려에이스과학","","","","",2
"한국피셔과학(주)","","","","",1
"한국표준과학연구원","","","","",1
"한국애질런트테크놀로지스(제이피은행032)","","","","",1
"필바이오랩 주식회사","","","","",1
"피앤원","","","","",1
"포커스이엔이","","","","",1
"티더블유바이오","","","","",1
"테트라알파","","","","",1
"태진상사","","","","",1
"킹무역 ","","","","",1
"케이원바이오텍","","","","",1
"케이앤제이엔지니어링 주식회사","","","","",1
"청주축우전문특약점","","","","",1
"청주직물","","","","",1
"지옴바이오틱스","","","","",1
"주식회사 호연건재","","","","",1
"주식회사 하이웰테크놀로지","","","","",1
"주식회사 티엠에이","","","","",1
"주식회사 큐로","","","","",1
"주식회사 코아텍","","","","",1
"주식회사 지에스이엠","","","","",1
"주식회사 인테크워터","","","","",1
"주식회사 이앤인스트루먼트","","","","",1
"주식회사 오디랩","","","","",1
"주식회사 영창엔바이로","","","","",1
"주식회사 엘림글로벌","","","","",1
"주식회사 아인스원","","","","",1
"주식회사 아스타","","","","",1
"주식회사 씨투케이크리에이티브","","","","",1
"주식회사 바이오코리아","","","","",1
"주식회사 메이크코프","","","","",1
"주식회사 동양사이언스","","","","",1
"제이에스","","","","",1
"제이앤제이사이언스","","","","",1
"인고케미칼","","","","",1
"이티솔루션","","","","",1
"이에스과학","","","","",1
"이루다테크","","","","",1
"이레 기프트 몰","","","","",1
"은선포장","","","","",1
"윤성상사","","","","",1
"유진랩코리아 주식회사","","","","",1
"유일랩테크","","","","",1
"유니언 마켓팅","","","","",1
"위드코퍼레이션","","","","",1
"원에너지(주)","","","","",1
"와이티케이코퍼레이션","","","","",1
"엠제이바이오","","","","",1
"에이스진공","","","","",1
"에스제이에레츠","","","","",1
"에스에이치바로텍","","","","",1
"에센스메디칼(주)","","","","",1
"안톤파코리아 주식회사","","","","",1
"스포츠 팍 테크","","","","",1
"송지테크","","","","",1
"성호산업","","","","",1
"선일사이언스","","","","",1
"선우전기조명","","","","",1
"서주사이언티픽 주식회사","","","","",1
"삼원계측기(주)","","","","",1
"삼성기록지(주)","","","","",1
"비전엔테크","","","","",1
"배트맨","","","","",1
"바이오트리","","","","",1
"미래방사선엔지니어링주식회사","","","","",1
"무진위너스테크(주)","","","","",1
"무성","","","","",1
"리빙초이스","","","","",1
"라이볼트코리아 주식회사","","","","",1
"디케이솔루션","","","","",1
"더조은기업","","","","",1
"더링크","","","","",1
"대진프라스틱","","","","",1
"대인과학기술","","","","",1
"다온","","","","",1
"기산바이오(주)","","","","",1
"그린상사 ","","","","",1
"강원기기","","","","",1
"E.G(이지)종합과학상사","","","","",1
"(주)플루토테크놀로지","","","","",1
"(주)푸른환경산업연구소","","","","",1
"(주)페이펄유통","","","","",1
"(주)팜테크","","","","",1
"(주)티엠텍","","","","",1
"(주)테스칸코리아","","","","",1
"(주)탑트레이딩이엔지","","","","",1
"(주)코리아사이언스","","","","",1
"(주)지올코리아","","","","",1
"(주)장영실","","","","",1
"(주)이앤씨테크","","","","",1
"(주)유일랩테크","","","","",1
"(주)우주사무기","","","","",1
"(주)오도테크","","","","",1
"(주)에이피엠엔지니어링","","","","",1
"(주)에스알테크","","","","",1
"(주)아이제이아이엔씨","","","","",1
"(주)아이바이오사이언","","","","",1
"(주)스마트코리아","","","","",1
"(주)세현테크","","","","",1
"(주)선오컴퍼니","","","","",1
"(주)삼흥에너지","","","","",1
"(주)동일세기","","","","",1
"(주)동우이에스씨","","","","",1
"(주)동양시약","","","","",1
"(주)대한과학","","","","",1
"(주)대우테크","","","","",1
